Type,Name,Request Count,Failure Count,Median Response Time,Average Response Time,Min Response Time,Max Response Time,Average Content Size,Requests/s,Failures/s,50%,66%,75%,80%,90%,95%,98%,99%,99.9%,99.99%,100%
POST,/cart,8775,8775,3,3.553966907024824,2.0809170018765144,47.5120720002451,4136.0,4.784182219419918,4.784182219419918,3,4,4,4,4,5,6,7,26,48,48
GET,/product/1,26025,26025,4,4.553514579822917,2.7162499973201193,209.34334400226362,5178.0,14.188984872980441,14.188984872980441,4,4,5,5,5,6,8,10,31,60,210
,Aggregated,34800,34800,4,4.301473464052708,2.0809170018765144,209.34334400226362,4915.254310344828,18.97316709240036,18.97316709240036,4,4,4,5,5,6,7,9,31,59,210
