Type,Name,Request Count,Failure Count,Median Response Time,Average Response Time,Min Response Time,Max Response Time,Average Content Size,Requests/s,Failures/s,50%,66%,75%,80%,90%,95%,98%,99%,99.9%,99.99%,100%
POST,/cart,253,253,3,3.4711539484546687,2.4485950052621774,9.111493003729265,4136.0,0.8301791032593218,0.8301791032593218,3,4,4,4,4,4,5,6,9,9,9
GET,/product/1,765,765,4,4.507901915168357,3.0853360003675334,31.242732002283446,5178.0,2.5102253517524944,2.5102253517524944,4,4,5,5,5,6,8,10,31,31,31
,Aggregated,1018,1018,4,4.250242548195308,2.4485950052621774,31.242732002283446,4919.0353634577605,3.340404455011816,3.340404455011816,4,4,4,5,5,5,7,9,25,31,31
