Type,Name,Request Count,Failure Count,Median Response Time,Average Response Time,Min Response Time,Max Response Time,Average Content Size,Requests/s,Failures/s,50%,66%,75%,80%,90%,95%,98%,99%,99.9%,99.99%,100%
POST,/cart,2860,2860,3,3.508589308752867,2.0809170018765144,47.5120720002451,4136.0,2.925064236085993,2.925064236085993,3,4,4,4,4,4,5,7,22,48,48
GET,/product/1,8583,8583,4,4.51310465365857,2.7601219990174286,59.83309199655196,5178.0,8.77826095745667,8.77826095745667,4,4,5,5,5,6,7,10,31,60,60
,Aggregated,11443,11443,4,4.262041655630928,2.0809170018765144,59.83309199655196,4917.568295027528,11.703325193542662,11.703325193542662,4,4,4,5,5,6,7,9,26,48,60
